index, memory.used [MiB]
0, 0 MiB
1, 0 MiB
2, 0 MiB
3, 0 MiB
4, 0 MiB
5, 0 MiB
6, 0 MiB
7, 0 MiB
0, 4 MiB
1, 4 MiB
2, 4 MiB
3, 4 MiB
4, 1 MiB
5, 1 MiB
6, 1 MiB
7, 1 MiB
0, 4 MiB
1, 4 MiB
2, 4 MiB
3, 4 MiB
4, 4 MiB
5, 4 MiB
6, 4 MiB
7, 1 MiB
0, 627 MiB
1, 1 MiB
2, 4 MiB
3, 4 MiB
4, 4 MiB
5, 4 MiB
6, 4 MiB
7, 4 MiB
0, 4 MiB
1, 4 MiB
2, 4 MiB
3, 1 MiB
4, 1 MiB
5, 1 MiB
6, 1 MiB
7, 1 MiB
0, 4 MiB
1, 4 MiB
2, 4 MiB
3, 4 MiB
4, 4 MiB
5, 4 MiB
6, 2 MiB
7, 1 MiB
0, 1 MiB
1, 1 MiB
2, 4 MiB
3, 4 MiB
4, 4 MiB
5, 4 MiB
6, 4 MiB
7, 4 MiB
0, 0 MiB
1, 0 MiB
2, 0 MiB
3, 0 MiB
4, 0 MiB
5, 0 MiB
6, 0 MiB
7, 0 MiB
0, 4 MiB
1, 4 MiB
2, 4 MiB
3, 4 MiB
4, 1 MiB
5, 1 MiB
6, 1 MiB
7, 1 MiB
0, 4 MiB
1, 4 MiB
2, 4 MiB
3, 4 MiB
4, 4 MiB
5, 4 MiB
6, 4 MiB
7, 1 MiB
0, 4 MiB
1, 4 MiB
2, 4 MiB
3, 4 MiB
4, 4 MiB
5, 4 MiB
6, 4 MiB
7, 4 MiB
0, 4 MiB
1, 4 MiB
2, 4 MiB
3, 4 MiB
4, 4 MiB
5, 4 MiB
6, 4 MiB
7, 4 MiB
0, 4 MiB
1, 4 MiB
2, 4 MiB
3, 4 MiB
4, 4 MiB
5, 4 MiB
6, 4 MiB
7, 4 MiB
0, 4 MiB
1, 4 MiB
2, 4 MiB
3, 4 MiB
4, 4 MiB
5, 4 MiB
6, 4 MiB
7, 4 MiB
0, 838 MiB
1, 838 MiB
2, 838 MiB
3, 838 MiB
4, 838 MiB
5, 838 MiB
6, 838 MiB
7, 838 MiB
0, 1128 MiB
1, 1122 MiB
2, 1136 MiB
3, 1148 MiB
4, 1138 MiB
5, 1140 MiB
6, 1182 MiB
7, 1182 MiB
0, 1706 MiB
1, 1706 MiB
2, 1706 MiB
3, 1706 MiB
4, 1706 MiB
5, 1706 MiB
6, 1706 MiB
7, 1706 MiB
0, 1706 MiB
1, 1706 MiB
2, 1706 MiB
3, 1706 MiB
4, 1706 MiB
5, 1706 MiB
6, 1706 MiB
7, 1706 MiB
0, 1706 MiB
1, 1706 MiB
2, 1706 MiB
3, 1706 MiB
4, 1706 MiB
5, 1706 MiB
6, 1706 MiB
7, 1706 MiB
0, 1706 MiB
1, 1706 MiB
2, 1706 MiB
3, 1706 MiB
4, 1706 MiB
5, 1706 MiB
6, 1706 MiB
7, 1706 MiB
0, 1706 MiB
1, 1706 MiB
2, 1706 MiB
3, 1706 MiB
4, 1706 MiB
5, 1706 MiB
6, 1706 MiB
7, 1706 MiB
0, 28590 MiB
1, 28608 MiB
2, 25934 MiB
3, 25934 MiB
4, 25934 MiB
5, 25934 MiB
6, 25990 MiB
7, 25934 MiB
0, 31648 MiB
1, 31648 MiB
2, 31648 MiB
3, 31648 MiB
4, 31648 MiB
5, 31648 MiB
6, 31648 MiB
7, 31648 MiB
0, 31648 MiB
1, 31648 MiB
2, 31648 MiB
3, 31648 MiB
4, 31648 MiB
5, 31648 MiB
6, 31648 MiB
7, 31648 MiB
0, 31648 MiB
1, 31648 MiB
2, 31648 MiB
3, 31648 MiB
4, 31648 MiB
5, 31648 MiB
6, 31648 MiB
7, 31648 MiB
0, 31724 MiB
1, 31742 MiB
2, 31742 MiB
3, 31742 MiB
4, 31742 MiB
5, 31742 MiB
6, 31742 MiB
7, 31724 MiB
0, 33158 MiB
1, 33170 MiB
2, 33170 MiB
3, 33170 MiB
4, 33170 MiB
5, 33170 MiB
6, 33170 MiB
7, 33158 MiB
0, 33414 MiB
1, 33426 MiB
2, 33426 MiB
3, 33426 MiB
4, 33426 MiB
5, 33426 MiB
6, 33426 MiB
7, 33414 MiB
0, 33414 MiB
1, 33426 MiB
2, 33426 MiB
3, 33426 MiB
4, 33426 MiB
5, 33426 MiB
6, 33426 MiB
7, 33414 MiB
0, 33782 MiB
1, 33794 MiB
2, 33794 MiB
3, 33794 MiB
4, 33794 MiB
5, 33794 MiB
6, 33794 MiB
7, 33782 MiB
0, 33782 MiB
1, 33794 MiB
2, 33794 MiB
3, 33794 MiB
4, 33794 MiB
5, 33794 MiB
6, 33794 MiB
7, 33782 MiB
0, 33782 MiB
1, 33794 MiB
2, 33794 MiB
3, 33794 MiB
4, 33794 MiB
5, 33794 MiB
6, 33794 MiB
7, 33782 MiB
0, 33782 MiB
1, 33794 MiB
2, 33794 MiB
3, 33794 MiB
4, 33794 MiB
5, 33794 MiB
6, 33794 MiB
7, 33782 MiB
0, 33782 MiB
1, 33794 MiB
2, 33794 MiB
3, 33794 MiB
4, 33794 MiB
5, 33794 MiB
6, 33794 MiB
7, 33782 MiB
0, 33782 MiB
1, 33794 MiB
2, 33794 MiB
3, 33794 MiB
4, 33794 MiB
5, 33794 MiB
6, 33794 MiB
7, 33782 MiB
0, 34874 MiB
1, 34886 MiB
2, 34886 MiB
3, 34886 MiB
4, 34886 MiB
5, 34886 MiB
6, 34886 MiB
7, 34874 MiB
0, 34874 MiB
1, 34886 MiB
2, 34886 MiB
3, 34886 MiB
4, 34886 MiB
5, 34886 MiB
6, 34886 MiB
7, 34874 MiB
0, 34874 MiB
1, 34886 MiB
2, 34886 MiB
3, 34886 MiB
4, 34886 MiB
5, 34886 MiB
6, 34886 MiB
7, 34874 MiB
0, 34874 MiB
1, 34886 MiB
2, 34886 MiB
3, 34886 MiB
4, 34886 MiB
5, 34886 MiB
6, 34886 MiB
7, 34874 MiB
0, 34874 MiB
1, 34886 MiB
2, 34886 MiB
3, 34886 MiB
4, 34886 MiB
5, 34886 MiB
6, 34886 MiB
7, 34874 MiB
0, 36658 MiB
1, 36670 MiB
2, 36670 MiB
3, 36670 MiB
4, 36670 MiB
5, 36670 MiB
6, 36670 MiB
7, 36658 MiB
0, 58122 MiB
1, 58136 MiB
2, 58136 MiB
3, 58136 MiB
4, 58136 MiB
5, 58136 MiB
6, 58136 MiB
7, 58122 MiB
0, 58122 MiB
1, 58136 MiB
2, 58136 MiB
3, 58136 MiB
4, 58136 MiB
5, 58136 MiB
6, 58136 MiB
7, 58122 MiB
0, 58122 MiB
1, 58136 MiB
2, 58136 MiB
3, 58136 MiB
4, 58136 MiB
5, 58136 MiB
6, 58136 MiB
7, 58122 MiB
0, 58124 MiB
1, 58138 MiB
2, 58138 MiB
3, 58138 MiB
4, 58138 MiB
5, 58138 MiB
6, 58138 MiB
7, 58124 MiB
0, 58124 MiB
1, 58138 MiB
2, 58138 MiB
3, 58138 MiB
4, 58138 MiB
5, 58138 MiB
6, 58138 MiB
7, 58124 MiB
0, 58124 MiB
1, 58138 MiB
2, 58138 MiB
3, 58138 MiB
4, 58138 MiB
5, 58138 MiB
6, 58138 MiB
7, 58124 MiB
0, 58124 MiB
1, 58138 MiB
2, 58138 MiB
3, 58138 MiB
4, 58138 MiB
5, 58138 MiB
6, 58138 MiB
7, 58124 MiB
0, 58124 MiB
1, 58138 MiB
2, 58138 MiB
3, 58138 MiB
4, 58138 MiB
5, 58138 MiB
6, 58138 MiB
7, 58124 MiB
0, 58124 MiB
1, 58138 MiB
2, 58138 MiB
3, 58138 MiB
4, 58138 MiB
5, 58138 MiB
6, 58138 MiB
7, 58124 MiB
0, 58124 MiB
1, 58138 MiB
2, 58138 MiB
3, 58138 MiB
4, 58138 MiB
5, 58138 MiB
6, 58138 MiB
7, 58124 MiB
0, 58124 MiB
1, 58138 MiB
2, 58138 MiB
3, 58138 MiB
4, 58138 MiB
5, 58138 MiB
6, 58138 MiB
7, 58124 MiB
0, 58760 MiB
1, 58772 MiB
2, 58772 MiB
3, 58772 MiB
4, 58772 MiB
5, 58772 MiB
6, 58772 MiB
7, 58760 MiB
0, 107092 MiB
1, 107086 MiB
2, 107086 MiB
3, 107086 MiB
4, 107086 MiB
5, 107086 MiB
6, 107086 MiB
7, 107092 MiB
0, 107092 MiB
1, 107086 MiB
2, 107086 MiB
3, 107086 MiB
4, 107086 MiB
5, 107086 MiB
6, 107086 MiB
7, 107092 MiB
0, 132656 MiB
1, 132650 MiB
2, 132650 MiB
3, 132650 MiB
4, 132650 MiB
5, 132650 MiB
6, 132650 MiB
7, 132656 MiB
0, 132656 MiB
1, 132650 MiB
2, 132650 MiB
3, 132650 MiB
4, 132652 MiB
5, 132650 MiB
6, 132650 MiB
7, 132656 MiB
0, 132656 MiB
1, 132650 MiB
2, 132650 MiB
3, 132650 MiB
4, 132652 MiB
5, 132650 MiB
6, 132650 MiB
7, 132656 MiB
0, 132656 MiB
1, 132650 MiB
2, 132650 MiB
3, 132650 MiB
4, 132652 MiB
5, 132650 MiB
6, 132650 MiB
7, 132656 MiB
0, 132656 MiB
1, 132650 MiB
2, 132650 MiB
3, 132650 MiB
4, 132652 MiB
5, 132650 MiB
6, 132652 MiB
7, 132656 MiB
0, 132656 MiB
1, 132650 MiB
2, 132650 MiB
3, 132650 MiB
4, 132652 MiB
5, 132650 MiB
6, 132652 MiB
7, 132656 MiB
0, 132656 MiB
1, 132650 MiB
2, 132650 MiB
3, 132650 MiB
4, 132652 MiB
5, 132650 MiB
6, 132652 MiB
7, 132656 MiB
0, 132656 MiB
1, 132650 MiB
2, 132650 MiB
3, 132650 MiB
4, 132652 MiB
5, 132650 MiB
6, 132652 MiB
7, 132656 MiB
0, 132656 MiB
1, 132650 MiB
2, 132650 MiB
3, 132650 MiB
4, 132652 MiB
5, 132650 MiB
6, 132652 MiB
7, 132656 MiB
0, 132656 MiB
1, 132650 MiB
2, 132650 MiB
3, 132650 MiB
4, 132652 MiB
5, 132650 MiB
6, 132652 MiB
7, 132656 MiB
0, 132656 MiB
1, 132650 MiB
2, 132650 MiB
3, 132650 MiB
4, 132652 MiB
5, 132650 MiB
6, 132652 MiB
7, 132656 MiB
0, 132656 MiB
1, 132650 MiB
2, 132650 MiB
3, 132650 MiB
4, 132652 MiB
5, 132650 MiB
6, 132652 MiB
7, 132656 MiB
0, 132656 MiB
1, 132650 MiB
2, 132650 MiB
3, 132650 MiB
4, 132652 MiB
5, 132650 MiB
6, 132652 MiB
7, 132656 MiB
0, 132656 MiB
1, 132650 MiB
2, 132650 MiB
3, 132650 MiB
4, 132652 MiB
5, 132650 MiB
6, 132652 MiB
7, 132656 MiB
0, 132656 MiB
1, 132650 MiB
2, 132650 MiB
3, 132650 MiB
4, 132652 MiB
5, 132650 MiB
6, 132652 MiB
7, 132656 MiB
0, 132656 MiB
1, 132650 MiB
2, 132650 MiB
3, 132650 MiB
4, 132652 MiB
5, 132650 MiB
6, 132652 MiB
7, 132656 MiB
0, 159328 MiB
1, 159324 MiB
2, 159322 MiB
3, 159324 MiB
4, 159326 MiB
5, 159324 MiB
6, 159324 MiB
7, 159328 MiB
0, 159328 MiB
1, 159324 MiB
2, 159322 MiB
3, 159324 MiB
4, 159326 MiB
5, 159324 MiB
6, 159324 MiB
7, 159328 MiB
0, 159328 MiB
1, 159324 MiB
2, 159322 MiB
3, 159324 MiB
4, 159326 MiB
5, 159324 MiB
6, 159324 MiB
7, 159328 MiB
0, 159328 MiB
1, 159324 MiB
2, 159322 MiB
3, 159324 MiB
4, 159326 MiB
5, 159324 MiB
6, 159324 MiB
7, 159328 MiB
0, 159328 MiB
1, 159324 MiB
2, 159322 MiB
3, 159324 MiB
4, 159326 MiB
5, 159324 MiB
6, 159324 MiB
7, 159328 MiB
0, 159328 MiB
1, 159324 MiB
2, 159322 MiB
3, 159324 MiB
4, 159326 MiB
5, 159324 MiB
6, 159324 MiB
7, 159328 MiB
0, 159328 MiB
1, 159324 MiB
2, 159324 MiB
3, 159324 MiB
4, 159326 MiB
5, 159324 MiB
6, 159324 MiB
7, 159328 MiB
0, 47112 MiB
1, 46766 MiB
2, 47326 MiB
3, 47082 MiB
4, 47328 MiB
5, 47018 MiB
6, 46780 MiB
7, 47318 MiB
0, 900 MiB
1, 46698 MiB
2, 1412 MiB
3, 900 MiB
4, 46698 MiB
5, 1412 MiB
6, 772 MiB
7, 772 MiB
